Term	Overlap	P.value	Adjusted.P.value	Odds.Ratio	Combined.Score	Genes	Rank	Database
Renin secretion	1/69	0.0603368968621384	0.13194368922593	17.2266435986159	48.3691675566884	CLCA1	1	KEGG_2021_Human
Pancreatic secretion	1/102	0.0879624594839534	0.13194368922593	11.5789167152009	28.1465535659793	CLCA1	2	KEGG_2021_Human
Endocytosis	1/252	0.204145289417401	0.204145289417401	4.62409186782283	7.34732747477733	ACAP1	3	KEGG_2021_Human
Mitotic Spindle	1/199	0.164791516947551	0.164791516947551	5.87759952465835	10.5977476944604	ARHGAP4	1	MSigDB_Hallmark_2020
