Term	Overlap	P.value	Adjusted.P.value	Odds.Ratio	Combined.Score	Genes	Rank	Database
Estrogen Response Early	2/200	0.172734080621615	0.530074079201232	2.72962501729625	4.79322691667999	KRT8;TGM2	1	MSigDB_Hallmark_2020
Androgen Response	1/100	0.313836686760729	0.530074079201232	2.70625170625171	3.13622783561445	KRT8	2	MSigDB_Hallmark_2020
UV Response Up	1/158	0.448966895132512	0.530074079201232	1.70149767601997	1.36256975922668	NTRK3	3	MSigDB_Hallmark_2020
Mitotic Spindle	1/199	0.528287379208334	0.530074079201232	1.3463690963691	0.859138133547981	CDC42EP2	4	MSigDB_Hallmark_2020
IL-2/STAT5 Signaling	1/199	0.528287379208334	0.530074079201232	1.3463690963691	0.859138133547981	TGM2	4	MSigDB_Hallmark_2020
Hypoxia	1/200	0.530074079201232	0.530074079201232	1.33953551541491	0.850254777314495	TGM2	6	MSigDB_Hallmark_2020
Estrogen Response Late	1/200	0.530074079201232	0.530074079201232	1.33953551541491	0.850254777314495	ASS1	6	MSigDB_Hallmark_2020
Epithelial Mesenchymal Transition	1/200	0.530074079201232	0.530074079201232	1.33953551541491	0.850254777314495	TGM2	6	MSigDB_Hallmark_2020
